"Brookside Laboratories, Inc.  New Bremen, OH 45869 (Phone: 419-977-2766)",,,,,,,,,,,,,,,,,,,,,,,,,,,
Client Number,47806,,* Mehlich III extractable elements,,,,,,,,,,,,,,,,,,,,,,,,
Date Submitted,,,** This value represents the percent of a given element found on the soils total exchange capacity.  Values should add to 100 for a given sample.,,,,,,,,,,,,,,,,,,,,,,,,
Date Received,2/4/2025,,Note: For a listing of methods and references please refer to our website www.blinc.com.,,,,,,,,,,,,,,,,,,,,,,,,
Date Reported,2/10/2025,,,,,,,,,,,,,,,,,,,,,,,,,,
Purchase Order # ,000,,,,,,,,,,,,,,,,,,,,,,,,,,
,,,,,,,,,,,,,,,,,,,,,,,,,,,
Sample Location,Sample Description #1,Lab Number,Total Exchange Capacity (meq/100 g),pH,Organic Matter (%),Estimated Nitrogen Release (# N/acre),S* (ppm),P* (mg/kg),Bray II P (mg/kg),Ca* (mg/kg),Mg* (mg/kg),K* (mg/kg),Na* (mg/kg),Ca** (%),Mg** (%),K** (%),Na** (%),Other Bases** (%),H** (%),B* (mg/kg),Fe* (mg/kg),Mn* (mg/kg),Cu* (mg/kg),Zn* (mg/kg),Al* (mg/kg),NO3-N (ppm),NH4-N (ppm)
AM_B_T1_1to4,001,0001-1,22.89,5.1,5.65,103,13,18,5,1194,587,193,62,26.08,21.37,2.16,1.18,7.2,42,0.53,343,38,4.75,3.58,805,10.8,11.8
AM_B_T2_1to4,002,0002-1,11.79,5.5,3.68,87,11,15,4,785,351,164,53,33.29,24.81,3.57,1.95,6.4,30,0.48,340,27,5.41,2.4,757,< 0.5,2.7
AM_B_T3_1to4,003,0003-1,17.71,5.2,5.35,102,15,21,5,991,469,166,63,27.98,22.07,2.4,1.55,7,39,0.49,314,48,3.77,2.63,796,1.5,5.8
AM_B_T4_1to4,004,0004-1,13.84,5.4,4.61,96,13,16,3,794,441,194,50,28.68,26.55,3.59,1.57,6.6,33,0.43,258,39,7.94,2.93,763,< 0.5,4.1
AM_B_T5_1to4,005,0005-1,19.01,5.4,5.38,102,12,10,4,988,684,214,67,25.99,29.98,2.89,1.53,6.6,33,0.56,346,41,7.67,3.57,670,< 0.5,4.9
AM_C_B_T1_1to4,006,0006-1,14.55,6.2,3.9,89,10,31,47,1952,221,136,23,67.08,12.66,2.4,0.69,5.2,12,0.39,142,17,3.46,3.47,609,2.2,1.9
AM_C_B_T2_1to4,007,0007-1,14.00,6.1,3.16,82,9,24,44,1807,216,176,22,64.54,12.86,3.22,0.68,5.2,13.5,0.33,120,17,2.02,1.96,581,5.1,2.7
AM_C_B_T3_1to4,008,0008-1,13.64,6,3.63,86,11,34,48,1725,219,114,26,63.23,13.38,2.14,0.83,5.4,15,0.33,125,13,1.89,1.6,632,4.1,2.9
AM_C_B_T4_1to4,009,0009-1,14.84,6.4,3.66,87,11,41,59,2113,207,148,22,71.19,11.62,2.56,0.64,5,9,0.42,132,21,2.17,1.96,629,5.9,1.8
AM_C_B_T5_1to4,010,0010-1,13.05,6.2,3.42,84,9,23,41,1735,205,127,22,66.48,13.09,2.5,0.73,5.2,12,0.34,111,16,1.84,1.6,544,8.8,2.4
WR_B_T1_1to4,011,0011-1,6.72,5.5,5.42,102,18,33,15,525,99,280,25,39.06,12.28,10.68,1.62,6.4,30,0.29,94,9,1.46,1.43,1258,5.2,6.4
WR_B_T2_1to4,012,0012-1,14.50,5,6.55,108,14,25,9,868,210,249,40,29.93,12.07,4.4,1.2,7.4,45,0.36,231,15,1.59,2.77,690,3.1,8.2
WR_B_T3_1to4,013,0013-1,15.65,4.9,9.06,120,14,20,11,861,239,234,48,27.51,12.73,3.83,1.33,7.6,47,0.53,410,11,2.22,3.04,947,1.9,7.2
WR_B_T4_1to4,014,0014-1,13.08,5,5.76,104,12,18,7,833,186,152,28,31.84,11.85,2.98,0.93,7.4,45,0.45,387,10,4.3,2.62,812,1.8,4.2
WR_B_T5_1to4,015,0015-1,16.19,4.6,11.08,126,17,31,13,823,165,224,50,25.42,8.49,3.55,1.34,8.2,53,0.41,334,12,1.6,3.14,968,5.7,9
WR_C_B_T1_1to4,016,0016-1,11.97,5.3,4.51,95,12,27,12,997,158,173,23,41.65,11,3.71,0.84,6.8,36,0.37,178,21,2.42,3.46,651,3.1,5.8
WR_C_B_T2_1to4,017,0017-1,13.88,5,5.96,105,14,24,8,843,198,240,29,30.37,11.89,4.43,0.91,7.4,45,0.44,245,14,3.94,3.32,717,0.9,5.8
WR_C_B_T3_1to4,018,0018-1,17.13,4.8,12.49,126,24,43,18,970,209,233,49,28.31,10.17,3.49,1.24,7.8,49,0.41,325,13,1.44,2.85,842,0.8,14.1
WR_C_B_T4_1to4,019,0019-1,15.33,4.7,12.01,126,13,31,17,837,174,187,39,27.3,9.46,3.13,1.11,8,51,0.27,178,10,0.98,2.12,635,1.4,6.4
WR_C_B_T5_1to4,020,0020-1,18.99,5,11.78,126,16,42,18,1172,260,329,39,30.86,11.41,4.44,0.89,7.4,45,0.39,270,12,2.46,3.48,1010,2.8,7.3
CF_B_T1_1to4,021,0021-1,10.11,5.5,3.41,84,12,21,5,700,270,166,59,34.62,22.26,4.21,2.54,6.4,30,0.5,220,116,4.54,2.58,538,< 0.5,5.7
CF_B_T2_1to4,022,0022-1,9.65,5.5,3.41,84,12,35,6,732,225,144,53,37.93,19.43,3.83,2.39,6.4,30,0.42,174,93,3.44,2.37,622,< 0.5,4.3
CF_B_T3_1to4,023,0023-1,10.07,5.5,3.19,82,13,19,4,615,309,170,73,30.54,25.57,4.33,3.15,6.4,30,0.45,174,144,8.27,2.79,663,< 0.5,2.8
CF_B_T4_1to4,024,0024-1,9.67,5.5,3.62,86,12,26,4,698,245,136,62,36.09,21.11,3.61,2.79,6.4,30,0.41,171,140,4.59,2.61,646,< 0.5,4.3
CF_B_T5_1to4,025,0025-1,10.53,5.4,3.89,89,13,25,3,729,248,145,63,34.62,19.63,3.53,2.6,6.6,33,0.5,192,154,4.38,2.74,657,< 0.5,2.8
CF_C_B_T1_1to4,026,0026-1,11.67,5.7,4.34,93,12,25,5,1036,274,178,58,44.39,19.57,3.91,2.16,6,24,0.51,171,140,4.4,2.89,640,0.5,3.8
CF_C_B_T2_1to4,027,0027-1,12.95,5.6,4.41,94,14,26,6,1011,328,227,64,39.03,21.11,4.49,2.15,6.2,27,0.57,183,129,5.8,3.66,666,0.9,8.9
CF_C_B_T3_1to4,028,0028-1,11.05,5.5,3.57,86,14,17,2,706,325,190,69,31.95,24.51,4.41,2.71,6.4,30,0.43,169,159,6.52,2.66,679,< 0.5,2.6
CF_C_B_T4_1to4,029,0029-1,9.62,5.4,3.68,87,14,21,5,647,225,168,62,33.63,19.49,4.48,2.8,6.6,33,0.5,192,167,5.54,2.61,600,< 0.5,5.9
CF_C_B_T5_1to4,030,0030-1,10.92,5.3,4.2,92,13,24,4,721,241,141,62,33.01,18.39,3.31,2.47,6.8,36,0.47,194,156,4.48,2.67,650,< 0.5,2.4
PL_B_T1_15_pre,031,0031-1,17.65,5.6,6.2,106,23,16,8,1038,549,219,337,29.41,25.92,3.18,8.3,6.2,27,1.16,295,19,3.14,3.97,426,6,10.1
PL_B_T1_30_pre,032,0032-1,34.74,5.6,7.73,114,164,24,24,1257,975,516,1719,18.09,23.39,3.81,21.51,6.2,27,2.51,448,15,4.34,2.45,410,10.6,85.3
PL_B_T1_45_pre,033,0033-1,22.74,5,8.79,119,33,33,19,943,483,207,357,20.73,17.7,2.33,6.83,7.4,45,1.01,255,45,2.27,4.47,312,0.8,25.7
PL_B_T2_15_pre,034,0034-1,32.62,6.3,5.84,104,222,18,11,1704,974,249,2359,26.12,24.88,1.96,31.44,5.1,10.5,2.22,235,214,3.25,2.07,270,2.3,4
PL_B_T2_30_pre,035,0035-1,19.08,5.2,8.23,116,33,19,9,924,441,143,377,24.21,19.26,1.92,8.59,7,39,0.78,193,70,4.76,3.03,341,0.8,8.5
PL_B_T2_45_pre,036,0036-1,28.28,5,5.33,102,47,19,7,871,575,250,845,15.4,16.94,2.27,12.99,7.4,45,0.83,199,125,9.66,3.94,464,< 0.5,32.5
PL_B_T3_15_pre,037,0037-1,29.53,5.7,6.32,107,100,18,10,1214,697,210,1898,20.56,19.67,1.82,27.95,6,24,1.29,330,71,2.66,4.38,319,< 0.5,3.9
PL_B_T3_30_pre,038,0038-1,24.08,5.3,7.13,111,56,19,10,898,562,172,957,18.65,19.45,1.83,17.28,6.8,36,1.06,390,54,2.86,4.73,381,< 0.5,8.2
PL_B_T3_45_pre,039,0039-1,38.00,4.6,10.26,125,164,19,5,722,443,126,1637,9.5,9.71,0.85,18.73,8.2,53,0.78,356,14,5.09,2.82,309,53.4,2.6
PL_B_T4_15_pre,040,0040-1,24.07,6.3,4.67,97,217,12,4,1052,612,57,2257,21.85,21.19,0.61,40.77,5.1,10.5,1.23,215,83,1.22,1.58,155,27.1,1.5
PL_B_T4_30_pre,041,0041-1,28.65,4.8,6.25,106,83,16,8,650,434,134,1188,11.34,12.62,1.2,18.03,7.8,49,0.79,478,51,5.48,3.7,316,6.4,14.6
PL_B_T4_45_pre,042,0042-1,29.40,4.7,6.21,106,77,18,8,680,415,126,1121,11.56,11.76,1.1,16.58,8,51,0.77,478,50,6.11,3.9,324,5.8,13.6
PL_B_T5_15_pre,043,0043-1,31.98,6.1,6.16,106,178,19,10,1146,866,124,2930,17.92,22.57,0.99,39.83,5.2,13.5,1.33,245,74,6.01,4.19,279,24.2,3
PL_B_T5_30_pre,044,0044-1,14.83,5.4,7.57,113,36,17,17,755,396,182,326,25.46,22.25,3.15,9.56,6.6,33,1.01,530,56,4.54,4.19,418,10.7,21.7
PL_B_T5_45_pre,045,0045-1,13.44,5.6,6.2,106,15,13,8,926,381,144,185,34.45,23.62,2.75,5.98,6.2,27,0.87,421,31,5.5,3.22,297,2.3,15.1
PL_C_T1_15,046,0046-1,23.73,5.6,7.06,110,241,37,49,1346,535,171,971,28.36,18.79,1.85,17.79,6.2,27,1.95,512,35,1.37,11.22,354,1.1,15.2
PL_C_T1_30,047,0047-1,14.99,4.9,4.1,91,13,18,9,679,242,54,289,22.65,13.45,0.92,8.38,7.6,47,0.63,372,54,2.26,3.87,251,0.6,1.4
PL_C_T1_45,048,0048-1,11.64,5.9,2.99,80,46,21,10,861,351,105,320,36.98,25.13,2.31,11.95,5.6,18,0.97,207,16,2.2,2.27,265,0.6,6.3
PL_C_T2_15,049,0049-1,22.62,5.8,7.85,114,67,31,34,1376,725,266,679,30.42,26.71,3.02,13.05,5.8,21,1.23,433,21,2.58,5.21,245,7.3,7.7
PL_C_T2_30,050,0050-1,30.60,5.4,6.7,108,269,15,12,1541,688,176,1056,25.18,18.74,1.47,15,6.6,33,1.93,432,9,2.85,5.92,336,16.6,2.9
PL_C_T2_45,051,0052-1,19.82,5.2,4.36,94,132,20,16,739,397,173,749,18.64,16.69,2.24,16.43,7,39,1.04,367,11,1.75,3.16,358,< 0.5,20.4
WR13_B_T1_15_pre,052,0053-1,12.80,5.8,5.51,103,9,15,4,1377,230,168,31,53.79,14.97,3.37,1.05,5.8,21,0.32,86,22,0.45,2.07,477,< 0.5,2
WR13_B_T1_30_pre,053,0054-1,13.05,5.9,4.94,99,9,13,3,1477,243,169,29,56.59,15.52,3.32,0.97,5.6,18,0.37,121,22,3.07,3.11,558,3.5,4
WR13_B_T1_45_pre,054,0055-1,13.31,5.7,6.99,110,10,14,3,1396,214,165,30,52.44,13.4,3.18,0.98,6,24,0.34,91,27,0.91,3.61,453,0.7,3.5
WR13_B_T2_15_pre,055,0056-1,18.21,6.2,8.83,119,10,14,6,2362,327,138,44,64.85,14.96,1.94,1.05,5.2,12,0.54,152,38,3.44,3.95,431,5.5,3.8
WR13_B_T2_30_pre,056,0057-1,14.32,5.9,6.45,107,8,9,4,1740,218,109,33,60.75,12.69,1.95,1,5.6,18,0.36,104,19,1.89,2.01,402,3.7,2.4
WR13_B_T2_45_pre,057,0058-1,12.65,6.1,5.27,101,9,17,12,1711,153,139,23,67.63,10.08,2.82,0.79,5.2,13.5,0.3,75,35,0.57,2.06,379,10.3,3.2
WR13_B_T3_15_pre,058,0059-1,17.59,5.9,6.58,108,8,14,11,2189,241,136,32,62.22,11.42,1.98,0.79,5.6,18,0.44,106,22,2.01,2.41,429,7.6,2
WR13_B_T3_30_pre,059,0060-1,13.34,6.1,5.1,100,9,18,13,1798,162,146,30,67.39,10.12,2.81,0.98,5.2,13.5,0.41,80,20,1.25,1.63,440,5.7,3.9
WR13_B_T3_45_pre,060,0061-1,12.68,5.8,4.96,100,10,30,18,1348,175,368,32,53.15,11.5,7.44,1.1,5.8,21,0.32,82,16,1.03,1.87,418,60.5,34.4
WR13_B_T4_15_pre,061,0062-1,14.81,5.9,8.02,115,10,7,2,1593,325,124,75,53.78,18.29,2.15,2.2,5.6,18,0.49,235,20,1.25,2.17,381,15,0.6
WR13_B_T4_30_pre,062,0063-1,19.31,6.3,7.1,110,13,13,17,2861,173,153,36,74.08,7.47,2.03,0.81,5.1,10.5,0.7,224,13,1.54,2.39,438,6.6,2.7
WR13_B_T4_45_pre,063,0064-1,13.85,6.5,5.94,105,10,12,14,2003,180,190,29,72.31,10.83,3.52,0.91,4.9,7.5,0.47,103,21,2.21,1.98,437,9.8,3.5
WR13_B_T5_15_pre,064,0065-1,12.41,5.5,5.33,102,15,16,4,921,279,290,50,37.11,18.73,5.99,1.75,6.4,30,0.36,70,17,1.3,1.45,747,1.1,3.4
WR13_B_T5_30_pre,065,0066-1,12.12,5.4,5.85,104,12,15,5,896,247,249,33,36.96,16.98,5.27,1.18,6.6,33,0.31,67,18,1.45,1.58,710,1.5,3
WR13_B_T5_45_pre,066,0067-1,10.79,5.5,6.51,108,12,18,6,846,222,259,27,39.2,17.15,6.15,1.09,6.4,30,0.38,63,26,0.88,1.66,690,0.7,4.2
WR13_C_T1_15,067,0068-1,16.23,5.9,7.46,112,10,14,8,2016,188,246,29,62.11,9.65,3.89,0.78,5.6,18,0.48,62,22,1.42,1.99,631,1.5,4.6
WR13_C_T1_30,068,0069-1,13.07,5.7,6.62,108,10,15,5,1374,194,212,27,52.56,12.37,4.16,0.9,6,24,0.31,70,26,0.73,2.04,545,1.1,4.9
WR13_C_T1_45,069,0070-1,13.47,5.9,6.82,109,11,24,11,1718,133,188,26,63.77,8.23,3.58,0.84,5.6,18,0.39,85,47,2.47,3.51,490,2.2,4.2
WR13_C_T2_15,070,0071-1,11.81,5.8,5.87,104,10,18,2,1322,165,217,23,55.97,11.64,4.71,0.85,5.8,21,0.31,75,31,2.3,3.36,609,1.5,3.9
WR13_C_T2_30,071,0072-1,12.52,5.5,7.14,111,11,19,4,1206,161,187,26,48.16,10.72,3.83,0.9,6.4,30,0.29,96,37,2.65,4.64,639,4.9,3.6
WR13_C_T2_45,072,0073-1,13.28,5.5,5.59,103,12,20,4,1239,191,201,33,46.65,11.99,3.88,1.08,6.4,30,0.33,79,57,3.39,3.53,680,2.7,3.9
WR13_C_T3_15,073,0074-1,10.80,5.6,5.8,104,10,13,3,1074,169,118,31,49.72,13.04,2.8,1.25,6.2,27,0.29,69,16,1.39,1.35,676,2.2,3.1
WR13_C_T3_30,074,0075-1,12.89,5.7,6.56,108,10,11,3,1346,207,172,29,52.21,13.38,3.42,0.98,6,24,0.34,79,14,1.42,1.84,574,< 0.5,3.3
WR13_C_T3_45,075,0076-1,10.97,5.9,3.06,81,9,13,6,1270,172,192,25,57.89,13.07,4.49,0.99,5.6,18,0.29,69,20,0.74,1.5,590,0.6,4.2
WR13_C_T4_15,076,0077-1,11.34,5.4,5.57,103,17,25,10,965,170,189,29,42.55,12.49,4.27,1.11,6.6,33,0.33,73,40,2.07,2.33,590,2.6,6.2
WR13_C_T4_30,077,0078-1,10.28,6.1,5.86,104,12,21,6,1233,171,246,31,59.97,13.86,6.14,1.31,5.2,13.5,0.4,60,44,2.09,2.31,601,0.6,4.5
WR13_C_T4_45,078,0079-1,8.30,5.6,4.06,91,10,18,7,830,107,158,23,50,10.74,4.88,1.2,6.2,27,0.23,55,37,1.1,1.05,653,< 0.5,2.8
WR13_C_T5_15,079,0080-1,10.88,6.1,5.15,101,10,14,4,1365,165,211,24,62.73,12.64,4.97,0.96,5.2,13.5,0.32,54,45,1.43,1.94,821,< 0.5,5.5
WR13_C_T5_30,080,0081-1,10.35,5.8,5.09,100,10,15,4,1194,129,167,24,57.68,10.39,4.14,1.01,5.8,21,0.26,62,61,1.59,2,724,1.6,3
WR13_C_T5_45,081,0082-1,16.42,6,6.2,106,18,18,6,1921,274,414,28,58.5,13.91,6.46,0.74,5.4,15,0.44,50,51,2.37,2.81,754,12.1,5.1
WR5_B_T1_15_pre,082,0083-1,11.54,5.2,4.9,99,13,18,6,853,180,118,38,36.96,13,2.62,1.43,7,39,0.33,144,23,0.77,1.15,649,< 0.5,6.7
WR5_B_T1_30_pre,083,0084-1,13.13,5.4,24.37,> 130,12,18,5,1159,194,141,36,44.14,12.31,2.75,1.19,6.6,33,0.39,143,25,0.76,1.85,563,< 0.5,6.3
WR5_B_T1_45_pre,084,0085-1,11.11,5.1,6.81,109,13,22,5,804,149,113,21,36.18,11.18,2.61,0.82,7.2,42,0.25,92,30,0.81,1.3,565,< 0.5,6.8
WR5_B_T2_15_pre,085,0086-1,8.63,5.2,5.72,104,10,17,5,663,126,79,21,38.41,12.17,2.35,1.06,7,39,0.28,160,21,0.8,1.23,595,< 0.5,4.6
WR5_B_T2_30_pre,086,0087-1,10.29,5.3,5.44,102,14,18,6,824,163,104,32,40.04,13.2,2.59,1.35,6.8,36,0.3,138,23,1.94,1.53,633,< 0.5,8.7
WR5_B_T2_45_pre,087,0088-1,11.33,5.3,7.91,115,11,20,5,949,152,143,23,41.88,11.18,3.24,0.88,6.8,36,0.24,110,25,0.99,1.65,511,< 0.5,3.8
WR5_B_T3_15_pre,088,0089-1,11.14,5.3,7.63,113,10,16,6,830,202,125,50,37.25,15.11,2.88,1.95,6.8,36,0.31,181,29,0.96,1.41,545,< 0.5,7.5
WR5_B_T3_30_pre,089,0090-1,10.88,5.4,4.36,94,9,12,3,890,202,125,27,40.9,15.47,2.95,1.08,6.6,33,0.29,142,32,0.89,1.08,562,< 0.5,5.8
WR5_B_T3_45_pre,090,0091-1,12.93,5.4,5.58,103,11,17,6,1094,217,150,34,42.3,13.99,2.97,1.14,6.6,33,0.33,127,28,1.03,1.43,604,< 0.5,5
WR5_B_T4_15_pre,091,0092-1,11.12,5.5,6.76,109,12,19,4,1031,161,185,23,46.36,12.07,4.27,0.9,6.4,30,0.33,130,13,0.9,1.3,649,< 0.5,4.1
WR5_B_T4_30_pre,092,0093-1,11.25,5.3,4.51,95,10,17,5,977,140,110,23,43.42,10.37,2.51,0.89,6.8,36,0.26,118,8,1,0.86,685,< 0.5,3.3
WR5_B_T4_45_pre,093,0094-1,9.52,5.4,5.02,100,11,16,5,825,133,156,27,43.33,11.64,4.2,1.23,6.6,33,0.27,107,16,0.71,1.07,637,< 0.5,2.6
WR5_B_T5_15_pre,094,0095-1,8.97,5.2,6.17,106,12,14,7,628,107,216,60,35.01,9.94,6.17,2.91,7,39,0.34,243,19,0.71,1.43,420,< 0.5,6.6
WR5_C_T1_15,095,0096-1,10.45,5.4,4.19,92,10,10,4,907,158,129,30,43.4,12.6,3.17,1.25,6.6,33,0.37,199,17,0.57,1.02,579,< 0.5,6.2
WR5_C_T1_30,096,0097-1,8.91,5.3,3.72,87,10,14,4,700,131,131,39,39.28,12.25,3.77,1.9,6.8,36,0.29,145,18,0.72,0.98,495,< 0.5,3.6
WR5_C_T1_45,097,0098-1,11.81,5,4.39,94,11,14,5,859,118,79,32,36.37,8.33,1.72,1.18,7.4,45,0.34,254,15,0.62,1.21,492,< 0.5,3.6
WR5_C_T2_15,098,0099-1,11.73,4.9,4.78,98,11,12,6,771,128,70,52,32.86,9.09,1.53,1.93,7.6,47,0.28,201,27,0.74,1.41,377,< 0.5,1.3
WR5_C_T2_30,099,0100-1,9.35,5.2,4.71,97,14,29,8,739,113,128,19,39.52,10.07,3.51,0.88,7,39,0.23,115,28,0.44,1.46,520,< 0.5,4.8
WR5_C_T2_45,100,0101-1,11.03,5,4.82,98,14,7,6,715,136,103,64,32.41,10.28,2.39,2.52,7.4,45,0.61,575,53,0.4,3.22,442,0.6,5.4
WR5_C_T3_15,101,0103-1,11.34,5.2,5.14,101,14,10,4,798,191,162,29,35.19,14.04,3.66,1.11,7,39,0.39,257,14,0.61,1.03,610,< 0.5,13.7
WR5_C_T3_30,102,0104-1,9.88,5,3.45,84,12,14,4,639,120,139,35,32.34,10.12,3.61,1.54,7.4,45,0.27,197,20,0.42,0.9,566,< 0.5,4.4
WR5_C_T3_45,103,0105-1,11.63,5.3,5.36,102,12,14,6,943,165,139,48,40.54,11.82,3.06,1.79,6.8,36,0.35,185,40,0.54,1.37,458,< 0.5,3.8
WR5_C_T4_15,104,0106-1,13.03,5.5,7.49,112,10,12,7,1193,212,137,47,45.78,13.56,2.7,1.57,6.4,30,0.45,256,19,1.15,1.76,460,2.9,3.1
WR5_C_T4_30,105,0107-1,12.02,5.5,7.79,114,9,12,7,1097,197,125,45,45.63,13.66,2.67,1.63,6.4,30,0.43,231,19,0.8,1.57,407,2.9,3.2
WR5_C_T4_45,106,0108-1,11.54,5.4,5.72,104,11,13,5,960,180,186,44,41.59,13,4.13,1.66,6.6,33,0.49,269,21,0.71,1.66,489,< 0.5,4.3
WR5_C_T5_15,107,0109-1,10.18,4.9,4.11,91,12,14,4,615,113,154,48,30.21,9.25,3.88,2.05,7.6,47,0.33,244,15,0.64,1.12,468,< 0.5,2.8
WR5_C_T5_30,108,0110-1,11.11,5.2,4.77,98,12,15,6,817,147,176,55,36.77,11.03,4.06,2.15,7,39,0.41,221,16,1.06,1.49,471,< 0.5,4.4
WR5_C_T5_45,109,0111-1,14.99,5,6.28,106,14,12,5,960,173,102,145,32.02,9.62,1.74,4.21,7.4,45,0.45,345,41,0.78,2,386,< 0.5,1.8
MF_B_T1_15_pre,110,0112-1,7.97,5.2,2.63,73,12,14,4,558,127,123,32,35.01,13.28,3.96,1.75,7,39,0.27,150,24,0.62,1.28,429,< 0.5,4.8
MF_B_T1_30_pre,111,0113-1,8.70,5,4.53,95,10,13,3,561,117,98,25,32.24,11.21,2.89,1.25,7.4,45,0.28,166,31,0.54,1.56,389,< 0.5,2.8
MF_B_T1_45_pre,112,0114-1,7.14,5.1,3.42,84,11,12,4,489,91,113,31,34.24,10.62,4.06,1.89,7.2,42,0.33,233,28,0.45,1.29,414,< 0.5,5.8
MF_B_T2_15_pre,113,0115-1,11.38,4.9,4.85,98,12,14,6,675,140,181,37,29.66,10.25,4.08,1.41,7.6,47,0.36,217,17,0.57,1.43,486,< 0.5,3.4
MF_B_T2_30_pre,114,0116-1,11.56,5.3,4.82,98,10,16,7,898,205,131,18,38.84,14.78,2.91,0.68,6.8,36,0.41,279,11,0.51,1.69,526,0.6,5.1
MF_B_T2_45_pre,115,0117-1,11.76,5.3,7.5,112,15,17,6,795,204,306,62,33.8,14.46,6.67,2.29,6.8,36,0.43,143,20,0.4,1.61,429,< 0.5,2.5
MF_B_T3_15_pre,116,0118-1,6.50,5.3,4.36,94,10,16,7,512,104,82,18,39.38,13.33,3.23,1.2,6.8,36,0.29,146,20,0.52,1.54,417,< 0.5,5.4
MF_B_T3_30_pre,117,0119-1,6.64,4.7,3.42,84,10,15,6,354,82,72,19,26.66,10.29,2.78,1.24,8,51,0.28,192,20,0.63,1.04,501,< 0.5,3.9
MF_B_T3_45_pre,118,0120-1,6.32,5.2,3.27,83,9,15,6,451,103,72,27,35.68,13.58,2.92,1.86,7,39,0.2,128,19,0.45,1.42,391,< 0.5,6.9
MF_B_T4_15_pre,119,0121-1,8.20,5,4.04,90,11,10,5,510,118,110,20,31.1,11.99,3.44,1.06,7.4,45,0.29,189,15,0.62,1.11,545,< 0.5,3.4
MF_B_T4_30_pre,120,0122-1,6.55,4.8,2.98,80,12,14,8,357,90,78,22,27.25,11.45,3.05,1.46,7.8,49,0.26,170,14,0.7,1.36,499,< 0.5,4.5
MF_B_T4_45_pre,121,0123-1,5.42,4.7,2.69,74,11,13,5,277,69,67,21,25.55,10.61,3.17,1.68,8,51,0.23,218,13,0.49,0.89,493,< 0.5,4
MF_B_T5_15_pre,122,0124-1,8.49,5.1,3.85,88,14,15,5,594,117,116,16,34.98,11.48,3.5,0.82,7.2,42,0.29,148,19,0.48,0.88,609,0.6,13.2
MF_B_T5_30_pre,123,0125-1,9.57,5,4.76,98,12,14,5,590,133,149,26,30.83,11.58,3.99,1.18,7.4,45,0.29,140,20,0.52,1.25,447,< 0.5,5.6
MF_B_T5_45_pre,124,0126-1,10.16,5.3,4.97,100,11,13,7,773,187,114,22,38.04,15.34,2.88,0.94,6.8,36,0.3,145,19,0.62,1.65,529,< 0.5,4
MF_C_T1_15,125,0127-1,6.12,5.3,4.54,95,11,13,5,475,98,96,14,38.81,13.34,4.02,0.99,6.8,36,0.36,183,10,0.58,0.84,926,< 0.5,5.4
MF_C_T1_30,126,0128-1,3.61,4.8,6.32,107,16,11,5,176,47,53,35,24.38,10.85,3.76,4.22,7.8,49,0.41,339,2,0.57,0.57,1139,1.6,6.2
MF_C_T1_45,127,0129-1,7.76,5.1,4.47,95,13,20,12,486,115,191,15,31.31,12.35,6.31,0.84,7.2,42,0.33,139,12,0.77,1.17,1006,< 0.5,5.4
MF_C_T2_15,128,0130-1,7.53,5.3,5.07,100,13,16,6,575,118,145,18,38.18,13.06,4.94,1.04,6.8,36,0.29,99,30,0.74,1.1,820,< 0.5,5.2
MF_C_T2_30,129,0131-1,7.37,5.3,4.14,91,12,20,7,570,110,137,23,38.67,12.44,4.77,1.36,6.8,36,0.28,75,33,1.34,2.95,896,< 0.5,3.8
MF_C_T2_45,130,0132-1,6.93,5.5,4.71,97,13,18,7,595,118,132,25,42.93,14.19,4.88,1.57,6.4,30,0.29,83,25,0.88,1.45,910,< 0.5,4.5
MF_C_T3_15,131,0133-1,8.26,5.4,4.55,96,12,20,9,694,124,156,20,42.01,12.51,4.84,1.05,6.6,33,0.28,68,27,0.8,1.25,889,< 0.5,5
MF_C_T3_30,132,0134-1,5.81,5.4,4,90,12,17,8,459,105,105,16,39.5,15.06,4.63,1.2,6.6,33,0.26,85,25,0.79,1.03,897,< 0.5,2.9
MF_C_T3_45,133,0135-1,10.15,5.3,6.49,107,11,13,7,786,171,146,17,38.72,14.04,3.69,0.73,6.8,36,0.36,126,35,0.85,1.63,655,< 0.5,8.2
MF_C_T4_15,134,0136-1,7.14,5.6,5.43,102,12,24,9,686,117,111,19,48.04,13.66,3.99,1.16,6.2,27,0.3,94,43,0.81,1.17,819,< 0.5,4.7
MF_C_T4_30,135,0137-1,6.95,5.3,3.43,84,12,21,8,538,113,104,18,38.71,13.55,3.84,1.13,6.8,36,0.26,62,21,0.71,0.97,828,< 0.5,3
MF_C_T4_45,136,0138-1,7.84,5.8,4.51,95,14,23,8,805,149,144,23,51.34,15.84,4.71,1.28,5.8,21,0.33,61,28,0.82,1.25,809,< 0.5,10.5
MF_C_T5_15,137,0139-1,8.93,5.5,4.81,98,12,26,9,823,136,129,23,46.08,12.69,3.7,1.12,6.4,30,0.35,68,26,0.83,1.38,809,< 0.5,2.7
MF_C_T5_30,138,0140-1,6.31,5.7,4.17,92,11,22,9,616,119,103,19,48.81,15.72,4.19,1.31,6,24,0.26,50,20,0.67,1.51,748,< 0.5,2.7
MF_C_T5_45,139,0141-1,7.74,5.7,4.47,95,9,19,9,804,126,104,18,51.94,13.57,3.45,1.01,6,24,0.39,69,36,0.54,1.31,718,< 0.5,7
MC_B_T1_15_pre,140,0142-1,18.98,5.8,9.3,122,9,59,43,1860,399,435,35,49,17.52,5.88,0.8,5.8,21,0.47,176,10,0.88,2.6,624,< 0.5,11.5
MC_B_T1_30_pre,141,0143-1,20.10,5.7,9.82,124,9,56,37,1949,429,232,35,48.48,17.79,2.96,0.76,6,24,0.45,212,9,1.33,3.79,691,< 0.5,6.7
MC_B_T1_45_pre,142,0144-1,16.65,6.6,6.21,106,9,173,255,2024,346,646,44,60.78,17.32,9.95,1.15,4.8,6,0.62,367,14,0.49,4.65,1247,< 0.5,5.9
MC_B_T2_15_pre,143,0145-1,20.87,6.1,10.4,125,9,73,49,2529,389,377,26,60.59,15.53,4.63,0.54,5.2,13.5,0.54,166,12,0.99,4.57,520,4.5,9.8
MC_B_T2_30_pre,144,0146-1,17.79,5.7,7.19,111,10,39,14,1691,377,280,32,47.53,17.66,4.04,0.78,6,24,0.4,153,13,1.22,1.78,532,0.6,8.2
MC_B_T2_45_pre,145,0147-1,17.21,5.9,9.27,121,9,62,40,1724,440,284,31,50.09,21.31,4.23,0.78,5.6,18,0.4,161,14,0.55,2.33,577,< 0.5,7.9
MC_B_T3_15_pre,146,0148-1,15.41,5.7,8.49,117,14,82,53,1297,356,444,46,42.08,19.25,7.39,1.3,6,24,0.48,250,11,0.91,2.46,653,< 0.5,18.6
MC_B_T3_30_pre,147,0149-1,14.41,6.1,13.74,127,9,66,83,1654,288,356,31,57.39,16.66,6.33,0.94,5.2,13.5,0.5,172,10,0.57,3.89,474,3.3,5.5
MC_B_T3_45_pre,148,0150-1,18.11,5.7,7.73,114,13,76,39,1644,375,453,40,45.39,17.26,6.41,0.96,6,24,0.53,210,8,1.38,4.08,610,23.4,23.9
MC_B_T4_15_pre,149,0151-1,19.00,5.6,10.82,125,10,58,42,1829,336,235,33,48.13,14.74,3.17,0.76,6.2,27,0.4,181,14,0.87,3.1,615,0.5,9.8
MC_B_T4_30_pre,150,0152-1,18.01,6.1,9.74,124,9,64,53,2034,440,260,31,56.47,20.36,3.7,0.75,5.2,13.5,0.46,171,18,0.83,3.06,598,< 0.5,6.3
MC_B_T4_45_pre,151,0154-1,14.87,5.8,9.6,123,14,54,37,1332,370,352,55,44.79,20.74,6.07,1.61,5.8,21,0.41,160,12,0.61,1.77,551,< 0.5,10.3
MC_B_T5_15_pre,152,0155-1,16.71,5.6,12.22,126,11,60,33,1445,346,347,37,43.24,17.26,5.32,0.96,6.2,27,0.44,228,10,0.93,2.52,652,2.8,10.7
MC_B_T5_30_pre,153,0156-1,17.13,5.7,12.7,126,12,68,34,1561,368,373,37,45.56,17.9,5.58,0.94,6,24,0.48,257,11,1.18,3.11,728,3.8,11.9
MC_B_T5_45_pre,154,0157-1,14.22,5.8,13.63,127,10,42,47,1313,331,353,41,46.17,19.4,6.37,1.25,5.8,21,0.37,143,9,0.55,2.06,390,1,21.8
MC_C_T1_15,155,0158-1,17.32,5.8,10.99,125,15,93,74,1680,313,572,46,48.5,15.06,8.47,1.15,5.8,21,0.43,247,12,0.93,2.84,794,< 0.5,16.8
MC_C_T1_30,156,0159-1,16.41,5.3,11.38,126,14,54,33,1163,274,314,111,35.44,13.91,4.91,2.94,6.8,36,0.42,275,7,0.73,1.24,892,0.5,29.5
MC_C_T1_45,157,0160-1,18.23,5.5,9.98,125,11,67,37,1545,325,384,40,42.38,14.86,5.4,0.95,6.4,30,0.38,235,9,1.73,1.85,865,4.8,15.4
MC_C_T2_15,158,0161-1,17.38,5.7,10.86,125,9,50,43,1602,396,263,41,46.09,18.99,3.88,1.03,6,24,0.39,235,6,0.78,1.82,620,1.6,21
MC_C_T2_30,159,0162-1,18.96,5.6,9.95,125,13,87,72,1710,368,351,34,45.09,16.17,4.75,0.78,6.2,27,0.48,300,5,0.82,2.02,900,< 0.5,16.4
MC_C_T2_45,160,0163-1,22.46,6,15.66,128,11,125,121,2772,326,418,53,61.71,12.1,4.77,1.03,5.4,15,0.77,272,22,0.72,5.86,737,12.4,4.5
MC_C_T3_15,161,0164-1,20.77,5.6,9.81,124,14,73,59,1961,368,299,55,47.21,14.76,3.69,1.15,6.2,27,0.48,281,7,0.57,1.84,822,< 0.5,11.6
MC_C_T3_30,162,0165-1,22.89,6.6,13.31,127,11,157,227,2908,514,458,97,63.52,18.71,5.13,1.84,4.8,6,0.71,307,17,0.64,4.1,842,< 0.5,9
MC_C_T3_45,163,0166-1,15.15,5.8,11.5,126,9,99,88,1415,356,314,56,46.7,19.58,5.31,1.61,5.8,21,0.55,318,7,0.66,1.59,691,0.9,12
MC_C_T4_15,164,0167-1,20.33,5.8,13.17,127,10,79,70,2040,420,358,60,50.17,17.22,4.52,1.28,5.8,21,0.49,262,7,0.8,2.63,782,2.5,4.4
MC_C_T4_30,165,0168-1,18.93,6,13.07,127,13,105,117,2145,355,481,34,56.66,15.63,6.52,0.78,5.4,15,0.58,274,11,0.62,2.51,714,< 0.5,11.2
MC_C_T4_45,166,0169-1,18.36,5.7,10.26,125,12,87,82,1827,329,334,27,49.75,14.93,4.66,0.64,6,24,0.48,267,11,0.41,2.45,854,< 0.5,9.9
MC_C_T5_15,167,0170-1,19.43,5.9,11.14,126,10,97,70,2049,403,431,31,52.73,17.28,5.69,0.69,5.6,18,0.53,271,6,1.68,2.83,839,1.2,11.3
MC_C_T5_30,168,0171-1,18.42,6,8.65,118,10,84,85,2095,390,298,39,56.87,17.64,4.15,0.92,5.4,15,0.56,237,16,1.02,2.19,703,< 0.5,9.6
MC_C_T5_45,169,0172-1,19.06,5.9,12.49,126,10,123,73,2024,380,452,27,53.1,16.61,6.08,0.62,5.6,18,0.61,213,12,0.97,5.12,706,12.1,5.9
TKR_B_T1_15_pre,170,0173-1,18.94,5.9,6.02,105,10,31,6,1768,530,365,64,46.67,23.32,4.94,1.47,5.6,18,0.46,106,101,3.33,2.64,610,0.9,9.4
TKR_B_T1_30_pre,171,0174-1,23.08,6.1,8.06,115,13,32,13,1898,952,417,63,41.12,34.37,4.63,1.19,5.2,13.5,0.63,111,35,2.22,6.43,550,1,4.9
TKR_B_T1_45_pre,172,0175-1,25.79,5.8,4.95,100,14,43,22,1814,1029,383,58,35.17,33.25,3.81,0.98,5.8,21,0.49,104,34,2.54,4.24,739,2.1,23.6
TKR_B_T2_15_pre,173,0176-1,20.03,6.2,8.49,117,13,35,8,1727,800,393,63,43.11,33.28,5.03,1.37,5.2,12,0.59,136,49,3.52,6.87,545,< 0.5,1.3
TKR_B_T2_30_pre,174,0177-1,21.95,5.6,6.64,108,13,23,6,1454,750,314,77,33.12,28.47,3.67,1.53,6.2,27,0.48,195,35,4.47,3.99,593,11,32.3
TKR_B_T2_45_pre,175,0178-1,18.29,5.9,7.71,114,11,24,6,1360,709,375,69,37.18,32.3,5.26,1.64,5.6,18,0.56,215,33,4.83,4.67,565,1.6,1.3
TKR_B_T3_15_pre,176,0179-1,25.64,5.9,8.11,116,13,33,9,1755,1118,475,64,34.22,36.34,4.75,1.09,5.6,18,0.61,113,20,1.69,4.16,596,< 0.5,3.7
TKR_B_T3_30_pre,177,0180-1,21.00,6,9.79,124,11,26,11,1725,823,402,47,41.07,32.66,4.91,0.97,5.4,15,0.62,166,16,2.2,4.79,490,< 0.5,2
TKR_B_T3_45_pre,178,0181-1,19.94,5.9,7.09,110,12,34,10,1737,663,326,44,43.56,27.71,4.19,0.96,5.6,18,0.59,126,35,1.99,3.55,561,3.6,6.4
TKR_B_T4_15_pre,179,0182-1,30.46,5.8,7.84,114,13,15,5,2302,1065,420,192,37.79,29.14,3.54,2.74,5.8,21,0.65,215,28,3.55,4.28,583,5.2,6.2
TKR_B_T4_30_pre,180,0183-1,25.61,5.9,9.73,124,9,21,10,2112,934,388,52,41.23,30.39,3.88,0.88,5.6,18,0.74,121,28,2.86,4.81,465,< 0.5,3.6
TKR_B_T4_45_pre,181,0184-1,25.58,5.8,6.22,106,8,15,5,1907,991,277,50,37.28,32.28,2.78,0.85,5.8,21,0.52,95,33,2.61,2,602,< 0.5,3.2
TKR_B_T5_15_pre,182,0185-1,26.47,5.8,7.15,111,12,19,5,2315,826,245,67,43.73,26,2.37,1.1,5.8,21,0.61,134,66,5.04,4.51,559,< 0.5,3.2
TKR_B_T5_30_pre,183,0186-1,22.47,5.8,7.28,111,12,22,7,1954,668,321,66,43.48,24.77,3.66,1.28,5.8,21,0.51,117,65,3.89,4.87,514,< 0.5,2
TKR_B_T5_45_pre,184,0187-1,20.38,5.9,7.04,110,12,17,7,1835,630,335,65,45.02,25.76,4.21,1.39,5.6,18,0.72,311,103,3.93,4.44,593,< 0.5,16.2
TKR_C_T1_15,185,0188-1,23.91,5.9,6.39,107,10,27,7,1788,981,339,65,37.39,34.19,3.64,1.18,5.6,18,0.51,103,17,1.54,4.31,627,1.3,3
TKR_C_T1_30,186,0189-1,20.41,5.8,9.56,123,14,35,13,1811,537,414,81,44.37,21.93,5.2,1.73,5.8,21,0.65,144,142,2.44,4.38,562,1.1,12.1
TKR_C_T1_45,187,0190-1,20.98,5.6,8.36,117,13,38,10,1731,507,348,56,41.25,20.14,4.25,1.16,6.2,27,0.48,148,116,2.67,4.48,634,< 0.5,6.5
TKR_C_T2_15,188,0191-1,24.38,5.7,11.68,126,12,49,28,1742,866,360,49,35.73,29.6,3.79,0.87,6,24,0.57,176,28,1.83,6.5,547,1.1,18.4
TKR_C_T2_30,189,0192-1,27.78,5.8,8.99,120,15,57,22,1799,1167,525,62,32.38,35.01,4.85,0.97,5.8,21,0.58,150,17,1.61,5.4,752,< 0.5,12.3
TKR_C_T2_45,190,0193-1,27.73,5.7,9.71,124,12,34,15,2089,908,451,56,37.67,27.29,4.17,0.88,6,24,0.74,166,24,2.07,4.75,596,0.6,14.9
TKR_C_T3_15,191,0194-1,29.41,6.3,10.36,125,12,45,22,2427,1347,432,82,41.26,38.17,3.77,1.21,5.1,10.5,0.63,129,21,3.27,5.47,543,0.6,3.5
TKR_C_T3_30,192,0195-1,29.47,5.9,9.12,121,12,32,24,2302,1160,405,69,39.06,32.8,3.52,1.02,5.6,18,0.77,112,45,3.23,5.01,530,< 0.5,7.1
TKR_C_T3_45,193,0196-1,27.34,5.9,10.72,125,10,25,17,2144,1051,420,77,39.21,32.03,3.94,1.22,5.6,18,0.66,167,31,3.76,4.45,512,0.6,6
TKR_C_T4_15,194,0197-1,18.00,6.1,16.38,128,10,23,12,1694,623,260,70,47.06,28.84,3.7,1.69,5.2,13.5,0.75,132,36,3.86,4.86,299,5.4,42.4
TKR_C_T4_30,195,0198-1,29.90,5.9,6.41,107,13,31,14,2403,1152,313,98,40.18,32.11,2.68,1.43,5.6,18,0.68,114,62,3.9,2.42,648,0.9,10.7
TKR_C_T4_45,196,0199-1,31.39,6.3,11.7,126,15,44,37,2497,1477,441,130,39.77,39.21,3.6,1.8,5.1,10.5,1,134,55,4.72,3.85,626,< 0.5,9.1
TKR_C_T5_15,197,0200-1,23.87,5.9,7.72,114,10,22,10,2082,819,314,46,43.61,28.59,3.37,0.84,5.6,18,1.17,202,77,5.54,4.04,612,< 0.5,7.8
TKR_C_T5_30,198,0201-1,25.70,6,7.98,115,11,34,30,2200,1014,285,64,42.8,32.88,2.84,1.08,5.4,15,0.58,139,43,4.92,4.1,530,0.7,5.3
TKR_C_T5_45,199,0202-1,27.17,5.9,7.03,110,12,30,19,2096,1115,250,79,38.57,34.2,2.36,1.26,5.6,18,0.46,136,71,5.07,3.4,615,< 0.5,8.2
CSR_SC_B_T1_15_pre,200,0203-1,15.39,5.7,4.56,96,12,71,61,1641,223,237,24,53.31,12.07,3.95,0.68,6,24,0.31,91,28,0.85,1.86,436,< 0.5,4.1
CSR_SC_B_T1_30_pre,201,0205-1,16.13,5.9,5.45,102,13,39,22,1916,252,208,25,59.39,13.02,3.31,0.67,5.6,18,0.43,101,31,1.36,2.39,490,< 0.5,4.8
CSR_SC_B_T1_45_pre,202,0206-1,16.62,5.7,5.84,104,12,33,17,1722,251,308,32,51.81,12.59,4.75,0.84,6,24,0.47,95,48,2.01,3.65,445,< 0.5,3.8
CSR_SC_B_T2_15_pre,203,0207-1,30.38,5.8,7.23,111,11,17,8,1719,1574,133,42,28.29,43.18,1.12,0.6,5.8,21,0.49,121,43,5.89,3.81,558,0.7,4
CSR_SC_B_T2_30_pre,204,0208-1,28.61,5.7,4.84,98,10,16,6,1673,1321,202,32,29.24,38.48,1.81,0.49,6,24,0.46,125,46,4.24,3.03,545,0.6,3.6
CSR_SC_B_T2_45_pre,205,0209-1,26.55,6.4,6.42,107,12,19,12,2148,1380,182,29,40.45,43.31,1.76,0.47,5,9,0.83,129,62,3.92,4.29,450,0.8,6.7
CSR_SC_B_T3_15_pre,206,0210-1,12.94,5.6,2.57,71,9,26,31,991,383,136,34,38.29,24.67,2.69,1.14,6.2,27,0.3,108,99,4.19,2.73,580,< 0.5,2.5
CSR_SC_B_T3_30_pre,207,0211-1,11.79,5.5,4.85,98,11,21,6,840,337,147,26,35.62,23.82,3.2,0.96,6.4,30,0.35,130,116,3.06,3.15,492,4,3.5
CSR_SC_B_T3_45_pre,208,0212-1,13.26,5.4,4.48,95,11,21,6,917,357,118,34,34.58,22.44,2.28,1.11,6.6,33,0.31,110,127,3.27,2.6,524,0.9,4
CSR_SC_B_T4_15_pre,209,0213-1,11.16,5.8,3.36,84,10,52,20,997,280,299,20,44.67,20.91,6.87,0.78,5.8,21,0.47,151,83,1.82,4.17,576,< 0.5,5.6
CSR_SC_B_T4_30_pre,210,0214-1,10.12,5.5,3.17,82,12,28,10,829,214,163,20,40.96,17.62,4.13,0.86,6.4,30,0.34,154,79,2.49,2.99,548,1.1,3.4
CSR_SC_B_T4_45_pre,211,0215-1,10.98,6,3.62,86,12,32,14,1137,295,183,29,51.78,22.39,4.27,1.15,5.4,15,0.49,173,122,3.53,4.71,529,2,7.3
CSR_SC_B_T5_15_pre,212,0216-1,13.02,6.2,4.57,96,10,14,8,1347,403,222,27,51.73,25.79,4.37,0.9,5.2,12,0.78,221,89,3.44,3.22,498,< 0.5,3.8
CSR_SC_B_T5_30_pre,213,0217-1,15.78,5.8,5.23,101,11,14,6,1455,441,173,37,46.1,23.29,2.81,1.02,5.8,21,0.54,180,90,3.5,3.98,471,1.3,2.4
CSR_SC_B_T5_45_pre,214,0218-1,13.53,5.7,4.72,97,10,14,6,1132,400,135,30,41.83,24.64,2.56,0.96,6,24,0.51,175,100,3.64,3.13,467,< 0.5,3.7
CSR_SC_C_T1_15,215,0219-1,25.93,6.2,4.55,96,9,22,11,2322,1136,95,34,44.77,36.51,0.94,0.57,5.2,12,0.34,101,23,2.36,2.03,538,1.3,3
CSR_SC_C_T1_30,216,0220-1,21.99,5.9,7.83,114,10,27,14,2060,720,149,27,46.84,27.29,1.74,0.53,5.6,18,0.43,99,47,2.01,4.57,430,< 0.5,3.3
CSR_SC_C_T1_45,217,0221-1,26.39,5.9,6.19,106,9,24,8,2419,908,131,38,45.83,28.67,1.27,0.63,5.6,18,0.48,110,41,4.66,2.98,548,0.5,2
CSR_SC_C_T2_15,218,0222-1,11.78,5.6,5.2,101,10,37,11,977,290,189,19,41.47,20.51,4.11,0.7,6.2,27,0.3,113,29,0.66,3.72,435,< 0.5,4
CSR_SC_C_T2_30,219,0223-1,14.01,5.3,7.07,110,10,34,13,919,332,204,30,32.8,19.75,3.73,0.93,6.8,36,0.28,97,29,0.53,3.46,440,< 0.5,1.7
CSR_SC_C_T2_45,220,0224-1,14.44,5.6,4.52,95,12,39,14,1155,382,213,32,39.99,22.05,3.78,0.96,6.2,27,0.37,109,49,1.19,3.36,477,0.9,4.2
CSR_SC_C_T3_15,221,0225-1,26.86,6.1,4.24,92,8,14,5,2296,1183,106,53,42.74,36.7,1.01,0.86,5.2,13.5,0.56,111,29,5.3,2.73,490,1.3,2
CSR_SC_C_T3_30,222,0226-1,23.50,5.8,6.55,108,10,22,10,1986,819,123,31,42.26,29.04,1.34,0.57,5.8,21,0.46,98,45,7.03,3.26,458,< 0.5,1.8
CSR_SC_C_T3_45,223,0227-1,21.27,5.7,5.71,104,9,16,6,1448,859,141,30,34.04,33.65,1.7,0.61,6,24,0.39,100,45,4.95,2.7,504,< 0.5,2.9
CSR_SC_C_T4_15,224,0228-1,9.72,5.2,3.86,89,12,19,5,605,188,211,27,31.12,16.12,5.57,1.21,7,39,0.25,129,126,2.22,3.15,500,1,2.9
CSR_SC_C_T4_30,225,0229-1,10.61,5.1,3.04,80,11,23,3,600,235,120,29,28.28,18.46,2.9,1.19,7.2,42,0.39,200,148,2.07,2.27,503,< 0.5,3.6
CSR_SC_C_T4_45,226,0230-1,9.41,5.2,3.91,89,9,15,6,576,210,139,22,30.61,18.6,3.79,1.02,7,39,0.33,170,128,2.39,2.79,433,< 0.5,3
CSR_SC_C_T5_15,227,0231-1,12.83,6,5.41,102,8,12,5,1364,343,160,29,53.16,22.28,3.2,0.98,5.4,15,0.43,121,111,2.96,3.24,370,< 0.5,2.8
CSR_SC_C_T5_30,228,0232-1,18.50,5.7,6.73,109,12,15,5,1690,433,266,48,45.68,19.5,3.69,1.13,6,24,0.52,120,114,3.95,4.19,476,< 0.5,2.7
CSR_SC_C_T5_45,229,0233-1,13.79,5.9,4.04,90,9,15,6,1274,430,182,26,46.19,25.99,3.38,0.82,5.6,18,0.41,116,148,3.68,2.92,509,0.6,2.4
PL_B_T1_15_post,230,0234-1,12.38,6.5,5.93,105,12,12,7,1045,495,209,220,42.21,33.32,4.33,7.73,4.9,7.5,1.19,272,14,1.76,1.99,447,6.5,1.1
PL_B_T1_30_post,231,0235-1,26.97,5.4,10.58,125,67,12,9,1119,735,274,889,20.75,22.71,2.6,14.33,6.6,33,2.41,445,7,2.01,2.29,407,18,1.4
PL_B_T1_45_post,232,0236-1,21.56,4.9,6.63,108,30,31,22,962,373,293,257,22.31,14.42,3.48,5.18,7.6,47,1.1,264,37,3.36,4.24,304,57.6,2.5
PL_B_T2_15_post,233,0237-1,14.27,7.4,6.68,108,33,15,10,1072,606,237,616,37.56,35.39,4.26,18.77,4,0,2.23,264,136,4.34,3.24,266,0.7,1.1
PL_B_T2_30_post,234,0238-1,9.17,6.1,7.09,110,14,10,4,747,307,145,182,40.73,27.9,4.05,8.63,5.2,13.5,0.71,162,46,0.99,1.62,299,10.1,1.4
PL_B_T2_45_post,235,0239-1,11.75,5.5,6.15,106,18,13,5,692,335,219,152,29.45,23.76,4.78,5.62,6.4,30,0.75,213,78,1.17,1.52,428,30.7,1.1
PL_B_T3_15_post,236,0240-1,10.09,7.2,5.81,104,20,26,32,867,420,224,290,42.96,34.69,5.69,12.5,4.2,0,1.17,387,37,1.14,3.53,306,1.2,1.6
PL_B_T3_30_post,237,0241-1,11.68,6.2,9.43,122,30,15,6,827,419,183,362,35.4,29.89,4.02,13.48,5.2,12,1.04,333,43,0.98,4.71,354,10.1,3.1
PL_B_T3_45_post,238,0242-1,12.17,7.1,7.76,114,31,15,10,1027,514,193,399,42.19,35.2,4.07,14.25,4.3,0,1.55,315,50,1.44,4.46,344,3.5,1
PL_B_T4_15_post,239,0243-1,19.54,5.5,9.34,122,118,29,19,677,383,153,1255,17.32,16.33,2.01,27.92,6.4,30,0.93,472,42,0.41,1.42,273,0.5,14
PL_B_T4_30_post,240,0244-1,15.72,6.5,5.85,104,87,18,9,967,489,98,1060,30.76,25.92,1.6,29.32,4.9,7.5,1.22,214,80,0.9,2.04,155,3.2,0.8
PL_B_T4_45_post,241,0245-1,28.35,4.8,8.1,116,103,19,9,677,453,149,1082,11.94,13.32,1.35,16.59,7.8,49,0.79,385,46,0.68,3.58,272,6,11.8
PL_B_T5_15_post,242,0246-1,16.04,6.5,6.01,105,70,23,13,1078,603,124,764,33.6,31.33,1.98,20.71,4.9,7.5,1.38,304,51,0.76,2.84,338,9.5,1.6
PL_B_T5_30_post,243,0247-1,10.78,5.5,7.54,113,22,15,14,620,299,202,171,28.76,23.11,4.8,6.9,6.4,30,0.85,433,28,0.44,3.05,416,24.6,2.3
PL_B_T5_45_post,244,0248-1,12.40,5.6,6.85,109,15,11,8,865,354,172,131,34.88,23.79,3.56,4.59,6.2,27,0.85,376,25,1.41,2.72,267,34,2.8
WR13_B_T1_15_post,245,0249-1,13.26,5.6,4.94,99,9,12,6,1279,226,162,38,48.23,14.2,3.13,1.25,6.2,27,0.35,72,18,0.92,2.22,442,< 0.5,2.3
WR13_B_T1_30_post,246,0250-1,14.22,5.7,6.37,107,8,14,6,1466,240,197,27,51.55,14.06,3.55,0.83,6,24,0.49,124,26,1.72,3.63,510,3.6,1.9
WR13_B_T1_45_post,247,0251-1,13.11,5.8,6,105,9,13,5,1430,224,176,29,54.54,14.24,3.44,0.96,5.8,21,0.49,97,26,0.9,3.36,502,< 0.5,1.7
WR13_B_T2_15_post,248,0252-1,17.18,6,8.1,116,8,11,5,2134,303,110,45,62.11,14.7,1.64,1.14,5.4,15,0.6,129,33,2.16,3.48,392,3.4,1.7
WR13_B_T2_30_post,249,0253-1,15.37,6,6.32,107,8,9,4,1930,249,131,40,62.78,13.5,2.19,1.13,5.4,15,0.61,109,23,2.42,2.89,412,3.2,1
WR13_B_T2_45_post,250,0254-1,15.73,6.1,5.01,100,7,15,11,2103,194,201,32,66.85,10.28,3.28,0.88,5.2,13.5,0.38,87,40,2.43,3.22,489,8.1,1
WR13_B_T3_15_post,251,0256-1,18.03,6,5.37,102,8,13,8,2322,272,133,31,64.39,12.57,1.89,0.75,5.4,15,0.45,113,27,2.77,3.14,490,7.4,< 0.5
WR13_B_T3_30_post,252,0257-1,11.98,6.2,5.6,103,7,13,11,1620,162,136,28,67.61,11.27,2.91,1.02,5.2,12,0.3,78,19,0.78,2.02,403,1.1,2.4
WR13_B_T3_45_post,253,0258-1,12.49,6,3.98,90,7,19,11,1560,187,177,30,62.45,12.48,3.63,1.04,5.4,15,0.32,86,15,1.15,2.31,491,5.9,0.6
WR13_B_T4_15_post,254,0259-1,16.09,6,7.32,112,13,11,8,1801,353,214,71,55.97,18.28,3.41,1.92,5.4,15,0.65,307,25,1.86,3.21,448,6.8,2.3
WR13_B_T4_30_post,255,0260-1,18.88,6.3,7.69,113,12,16,16,2723,188,223,42,72.11,8.3,3.03,0.97,5.1,10.5,0.73,190,13,2.36,3.28,399,1.9,1.8
WR13_B_T4_45_post,256,0261-1,12.99,6.7,4.75,98,10,10,12,1938,175,203,30,74.6,11.23,4.01,1,4.7,4.5,0.44,91,18,1.64,1.72,459,7,2
WR13_B_T5_15_post,257,0262-1,11.90,5.4,5.36,102,12,14,5,871,263,189,36,36.6,18.42,4.07,1.32,6.6,33,0.27,58,13,1.04,1.31,674,1.6,2.7
WR13_B_T5_30_post,258,0263-1,12.02,5.5,5.71,104,12,16,6,937,257,263,33,38.98,17.82,5.61,1.19,6.4,30,0.35,64,19,0.92,1.63,706,6.1,28.4
WR13_B_T5_45_post,259,0264-1,12.50,5.4,6.3,106,12,18,6,966,229,268,29,38.64,15.27,5.5,1.01,6.6,33,0.36,65,23,0.69,2.17,732,0.6,0.6
WR5_B_T1_30_post,260,0265-1,10.58,5.6,6.73,109,10,12,5,991,181,185,30,46.83,14.26,4.48,1.23,6.2,27,0.39,122,13,0.76,1.66,537,4.8,3.1
WR5_B_T1_45_post,261,0266-1,10.54,5.3,6.05,105,10,18,5,863,147,151,24,40.94,11.62,3.67,0.99,6.8,36,0.4,98,22,1.19,2.31,608,3.4,1.5
WR5_B_T2_15_post,262,0267-1,9.56,5.3,5.51,103,10,16,5,735,151,156,31,38.44,13.16,4.18,1.41,6.8,36,0.38,183,25,1.18,2.71,618,0.8,2.6
WR5_B_T2_30_post,263,0268-1,9.47,5.7,5.47,102,12,14,6,893,184,179,39,47.15,16.19,4.85,1.79,6,24,0.38,129,18,1.16,1.67,605,< 0.5,1.5
WR5_B_T2_45_post,264,0269-1,9.52,5.5,5.7,104,9,14,6,867,154,130,23,45.54,13.48,3.5,1.05,6.4,30,0.37,133,20,1.11,1.58,625,< 0.5,1.5
WR5_B_T3_15_post,265,0270-1,10.85,5.5,6.31,107,9,11,4,912,210,166,38,42.03,16.13,3.92,1.52,6.4,30,0.38,205,23,0.59,1.78,638,< 0.5,2.1
WR5_B_T3_30_post,266,0271-1,9.95,5.4,3.94,89,9,10,3,792,182,163,27,39.8,15.24,4.2,1.18,6.6,33,0.38,152,33,1.55,1.75,549,1.6,3.5
WR5_B_T3_45_post,267,0272-1,12.62,5.5,5.58,103,10,15,5,1116,224,169,34,44.22,14.79,3.43,1.17,6.4,30,0.36,138,28,1.69,2.01,663,2.1,1.7
WR5_B_T4_15_post,268,0273-1,11.42,5.4,6.29,106,11,15,4,982,169,176,29,42.99,12.33,3.95,1.1,6.6,33,0.38,139,12,1.55,2.02,677,< 0.5,2.9
WR5_B_T4_30_post,269,0274-1,8.95,5.5,4.99,100,9,12,4,806,145,133,26,45.03,13.5,3.81,1.26,6.4,30,0.27,115,7,1.51,1.45,668,< 0.5,1.5
WR5_B_T4_45_post,270,0275-1,8.39,5.5,5.1,100,8,12,4,778,123,124,24,46.36,12.22,3.79,1.24,6.4,30,0.27,107,13,1.16,1.51,602,< 0.5,2
MF_B_T1_15_post,271,0276-1,5.37,5.5,2.77,75,9,8,4,415,103,114,44,38.64,15.98,5.44,3.56,6.4,30,0.28,156,16,5.9,3.51,396,2,5.6
MF_B_T1_30_post,272,0277-1,4.95,5.7,4.25,92,7,8,3,453,91,129,25,45.76,15.32,6.68,2.2,6,24,0.31,155,24,0.34,1.55,339,1.6,5.2
MF_B_T1_45_post,273,0278-1,4.86,5.7,4.02,90,7,7,3,471,85,96,21,48.46,14.57,5.06,1.88,6,24,0.31,198,24,0.33,1.59,371,0.7,6
MF_B_T2_15_post,274,0279-1,7.20,5.5,5.21,101,8,9,3,617,127,115,32,42.85,14.7,4.1,1.93,6.4,30,0.36,196,13,0.32,1.49,449,< 0.5,1
MF_B_T2_30_post,275,0280-1,11.52,5.3,7.57,113,8,14,7,868,205,161,29,37.67,14.83,3.58,1.09,6.8,36,0.39,247,9,0.28,2.12,451,17.5,2.6
MF_B_T2_45_post,276,0281-1,7.03,5.7,5.48,102,10,11,3,598,158,187,31,42.53,18.73,6.82,1.92,6,24,0.32,152,14,0.31,1.83,441,< 0.5,1.8
MF_B_T3_15_post,277,0282-1,5.03,5.4,3.85,88,7,10,3,392,91,97,17,38.97,15.08,4.94,1.47,6.6,33,0.25,148,13,0.48,1.57,435,2.8,4.6
MF_B_T3_30_post,278,0283-1,3.85,5.3,3.24,82,7,8,4,278,66,69,19,36.1,14.29,4.6,2.15,6.8,36,0.29,189,12,< 0.2,1.22,453,0.9,5.6
MF_B_T3_45_post,279,0284-1,6.30,5.5,5.07,100,7,16,8,509,119,142,25,40.4,15.74,5.78,1.73,6.4,30,0.3,138,22,0.31,2.37,398,12.5,9.9
MF_B_T4_15_post,280,0285-1,5.05,5.6,3.61,86,8,6,3,429,105,98,23,42.48,17.33,4.98,1.98,6.2,27,0.31,171,9,0.26,1.24,492,< 0.5,2.1
MF_B_T4_30_post,281,0286-1,4.61,5.3,3.57,86,10,8,3,327,84,72,27,35.47,15.18,4,2.55,6.8,36,0.28,167,11,0.62,4.33,490,0.7,5.2
MF_B_T4_45_post,282,0287-1,4.60,5.3,3.02,80,8,9,3,324,80,93,24,35.22,14.49,5.18,2.27,6.8,36,0.31,207,15,0.28,1.79,446,0.8,2.9
MF_B_T5_15_post,283,0288-1,7.17,5.3,4.09,91,9,9,3,562,112,110,18,39.19,13.02,3.93,1.09,6.8,36,0.32,151,14,0.32,1.39,613,10.9,10.8
MF_B_T5_30_post,284,0289-1,6.78,5.5,4.77,98,7,8,3,563,129,129,21,41.52,15.86,4.88,1.35,6.4,30,0.3,133,12,0.21,1.67,442,< 0.5,1
MF_B_T5_45_post,285,0290-1,7.25,5.5,4.39,94,8,9,3,617,141,96,24,42.55,16.21,3.4,1.44,6.4,30,0.29,149,12,0.34,1.68,478,1.8,5.4
MC_B_T1_15_post,286,0291-1,17.84,5.9,10.78,125,8,70,54,1851,390,380,34,51.88,18.22,5.46,0.83,5.6,18,0.43,174,11,1.62,4.51,609,6.7,6.5
MC_B_T1_30_post,287,0292-1,18.16,5.7,10.27,125,7,51,31,1747,382,249,35,48.1,17.53,3.52,0.84,6,24,0.43,190,7,1.46,4.66,627,4.1,0.8
MC_B_T1_45_post,288,0293-1,15.98,6.4,12.67,126,15,60,60,1779,419,449,47,55.66,21.85,7.2,1.28,5,9,0.78,189,13,1.62,4.8,581,4.7,12.9
MC_B_T2_15_post,289,0294-1,20.41,6.2,11.31,126,8,64,42,2470,417,359,35,60.51,17.03,4.51,0.75,5.2,12,0.76,181,11,2.62,5.88,523,5.3,0.6
MC_B_T2_30_post,290,0295-1,21.05,6.8,11.39,126,12,99,121,2729,501,578,35,64.82,19.83,7.04,0.72,4.6,3,0.76,164,29,2.73,7.18,486,25.7,1.9
MC_B_T2_45_post,291,0296-1,20.81,5.9,8.71,119,12,72,44,2152,465,429,38,51.71,18.62,5.29,0.79,5.6,18,0.76,185,16,3.34,4.65,599,5.2,2.1
MC_B_T3_15_post,292,0297-1,16.37,5.7,10.45,125,8,60,45,1402,394,377,45,42.82,20.06,5.91,1.2,6,24,0.53,267,5,2.18,2.7,721,7.4,5.9
MC_B_T3_30_post,293,0298-1,18.55,5.5,9.52,123,10,53,39,1576,336,383,31,42.48,15.09,5.29,0.73,6.4,30,0.49,236,4,2.26,3.14,731,7.8,4.3
MC_B_T3_45_post,294,0299-1,20.91,5.4,9.75,124,9,57,42,1682,355,428,38,40.22,14.15,5.25,0.79,6.6,33,0.52,197,6,1.71,3.78,562,32.2,3.2
MC_B_T4_15_post,295,0300-1,19.36,5.7,8.89,119,8,51,27,1913,371,284,38,49.41,15.97,3.76,0.85,6,24,0.5,188,9,2.57,3.73,631,5.5,3.7
MC_B_T4_30_post,296,0301-1,19.80,6.5,9.64,123,8,95,110,2576,420,312,37,65.05,17.68,4.04,0.81,4.9,7.5,0.77,222,20,2.23,6.2,706,6,1.7
MC_B_T4_45_post,297,0302-1,19.65,5.7,10.9,125,11,71,46,1860,415,324,38,47.33,17.6,4.23,0.84,6,24,0.62,223,14,1.59,4,727,2.3,5.3
MC_B_T5_15_post,298,0303-1,15.40,5.6,10.33,125,9,52,46,1313,327,319,41,42.63,17.69,5.31,1.16,6.2,27,0.45,247,6,0.66,1.99,664,2.4,4.1
MC_B_T5_30_post,299,0304-1,17.42,5.4,10.63,125,8,40,32,1404,325,254,33,40.3,15.55,3.74,0.82,6.6,33,0.47,214,4,0.91,2.64,593,15.6,2.3
MC_B_T5_45_post,300,0305-1,18.34,6.1,13.75,127,10,81,65,1837,475,587,60,50.08,21.58,8.21,1.42,5.2,13.5,0.73,210,9,1.41,3.81,550,28.8,18.4
TKR_B_T1_15_post,301,0307-1,24.96,5.8,7.16,111,18,28,13,1747,964,428,93,35,32.18,4.4,1.62,5.8,21,0.71,131,27,4.82,5.7,560,0.7,4.7
TKR_B_T1_30_post,302,0308-1,22.46,6.2,6.51,108,12,32,14,1790,965,497,77,39.85,35.8,5.67,1.49,5.2,12,0.79,105,20,2.11,5.48,577,1,7.2
TKR_B_T1_45_post,303,0309-1,20.97,6.2,9.02,120,14,38,90,1763,884,384,46,42.04,35.13,4.7,0.95,5.2,12,0.63,140,27,1.66,6.82,529,1.8,13.1
TKR_B_T2_15_post,304,0310-1,22.97,5.7,8.27,116,14,35,12,1673,776,375,65,36.42,28.15,4.19,1.23,6,24,0.63,141,48,3.11,6.82,567,< 0.5,3.7
TKR_B_T2_30_post,305,0311-1,21.73,5.5,8.61,118,13,19,7,1371,649,483,73,31.55,24.89,5.7,1.46,6.4,30,0.61,249,45,2.29,5.06,497,< 0.5,3.2
TKR_B_T2_45_post,306,0312-1,18.44,5.9,7.39,112,13,34,10,1567,618,344,51,42.49,27.93,4.78,1.2,5.6,18,0.66,169,42,1.93,4.65,512,1.7,13.3
TKR_B_T3_15_post,307,0313-1,23.06,5.9,6.98,110,11,28,9,1585,1001,449,46,34.37,36.17,4.99,0.87,5.6,18,0.51,107,13,1.63,3.51,602,< 0.5,2
TKR_B_T3_30_post,308,0314-1,20.29,5.8,9.7,124,10,33,15,1558,715,359,43,38.39,29.37,4.54,0.92,5.8,21,0.6,111,17,1.26,4.58,412,< 0.5,5
TKR_B_T3_45_post,309,0315-1,21.25,5.9,6.76,109,13,40,14,1823,707,397,48,42.89,27.73,4.79,0.98,5.6,18,0.63,157,35,1.77,4.33,627,< 0.5,4.9
TKR_B_T4_15_post,310,0316-1,25.07,6,7.16,111,9,15,8,2079,962,389,125,41.46,31.98,3.98,2.17,5.4,15,0.79,180,29,2.42,3.01,517,< 0.5,3.3
TKR_B_T4_30_post,311,0317-1,22.99,5.9,9.34,122,10,20,14,1883,850,333,49,40.95,30.81,3.71,0.93,5.6,18,0.67,135,36,2.68,4.29,441,< 0.5,4.2
TKR_B_T4_45_post,312,0318-1,23.20,5.9,6.84,109,9,18,8,1823,927,249,57,39.29,33.3,2.75,1.07,5.6,18,0.5,97,41,2.4,2.69,567,< 0.5,5.7
TKR_B_T5_15_post,313,0319-1,25.35,5.9,9.6,123,17,24,14,2283,801,374,74,45.03,26.33,3.78,1.27,5.6,18,0.72,153,94,4.25,7.16,472,< 0.5,7.3
TKR_B_T5_30_post,314,0320-1,22.30,5.9,6.3,106,13,23,9,2100,674,257,61,47.09,25.19,2.96,1.19,5.6,18,0.61,142,103,4.36,4.66,591,0.6,5.3
TKR_B_T5_45_post,315,0321-1,20.85,5.9,9.58,123,19,28,16,1800,627,517,87,43.17,25.06,6.36,1.81,5.6,18,0.63,301,147,4.12,5.68,515,0.8,10.7
CSR_SC_B_T1_15_post,316,0322-1,14.00,6.2,4.2,92,12,68,66,1772,251,200,29,63.29,14.94,3.66,0.9,5.2,12,0.43,108,29,0.97,2.37,502,< 0.5,2.7
CSR_SC_B_T1_30_post,317,0323-1,14.85,6,5.06,100,13,45,29,1788,251,249,34,60.2,14.09,4.3,1,5.4,15,0.46,97,30,0.98,2.29,486,< 0.5,4.6
CSR_SC_B_T1_45_post,318,0324-1,13.84,6.2,3.94,89,13,33,19,1675,286,215,35,60.51,17.22,3.98,1.1,5.2,12,0.44,99,37,0.93,2.63,487,< 0.5,4.7
CSR_SC_B_T2_15_post,319,0325-1,24.67,6,6.72,109,11,18,8,1506,1391,132,41,30.52,46.99,1.37,0.72,5.4,15,0.44,118,46,4.9,3.56,491,0.8,3.1
CSR_SC_B_T2_30_post,320,0326-1,21.05,6.1,5.97,105,11,19,10,1446,1099,228,33,34.35,43.51,2.78,0.68,5.2,13.5,0.47,109,46,3.67,3.56,442,3.2,3.9
CSR_SC_B_T2_45_post,321,0327-1,17.97,6.4,10.28,125,11,15,13,1525,851,223,38,42.43,39.46,3.18,0.92,5,9,0.67,112,38,2.35,3.64,324,0.8,2.9
CSR_SC_B_T3_15_post,322,0328-1,12.78,5.8,4.69,97,16,40,16,1058,377,283,45,41.39,24.58,5.68,1.53,5.8,21,0.43,110,107,2.53,3.43,501,< 0.5,3.1
CSR_SC_B_T3_30_post,323,0329-1,11.90,5.5,5.52,103,14,25,11,829,332,195,36,34.83,23.25,4.2,1.32,6.4,30,0.37,129,122,1.91,2.99,454,0.9,4.1
CSR_SC_B_T3_45_post,324,0330-1,12.30,5.5,4.61,96,13,24,8,893,339,146,37,36.3,22.97,3.04,1.31,6.4,30,0.3,128,137,2.48,2.64,540,< 0.5,3.4
CSR_SC_B_T4_15_post,325,0331-1,10.94,5.8,4.86,99,12,67,39,1003,260,286,21,45.84,19.8,6.7,0.83,5.8,21,0.51,145,98,1.45,4.39,526,< 0.5,7.9
CSR_SC_B_T4_30_post,326,0332-1,11.32,5.4,3.53,85,12,31,12,894,230,136,23,39.49,16.93,3.08,0.88,6.6,33,0.34,160,89,1.81,3.29,510,< 0.5,3.9
CSR_SC_B_T4_45_post,327,0333-1,12.43,5.7,4.45,94,14,36,16,1156,274,194,32,46.5,18.37,4,1.12,6,24,0.55,195,130,2.57,5.12,506,1,7.6
CSR_SC_B_T5_15_post,328,0334-1,13.31,6,4.56,96,14,21,12,1316,393,232,34,49.44,24.61,4.47,1.11,5.4,15,0.67,213,87,3.14,2.69,481,0.6,3.3
CSR_SC_B_T5_30_post,329,0335-1,15.53,5.8,4.65,96,11,16,9,1449,427,170,30,46.65,22.91,2.81,0.84,5.8,21,0.51,187,94,3.29,5.18,468,< 0.5,5.3
CSR_SC_B_T5_45_post,330,0336-1,13.92,5.8,3.82,88,9,14,6,1226,425,149,31,44.04,25.44,2.74,0.97,5.8,21,0.52,181,114,3.4,2.91,500,< 0.5,4
*,331,0337-1,9.63,5.4,5.31,102,13,15,6,784,145,190,46,40.71,12.55,5.06,2.08,6.6,33,0.4,190,30,0.53,1.79,521,< 0.5,4.3
,203,0338-1,8.38,5.4,6.85,109,12,19,7,680,118,196,41,40.57,11.73,6,2.13,6.6,33,0.4,232,32,0.58,2.38,531,< 0.5,6.2
